{"cameraMode":{"drawMode":0,"name":"Shaded","section":"Shading Mode"},"sceneLighting":true,"audioPlay":false,"sceneViewState":{"showFog":true,"showMaterialUpdate":false,"showSkybox":true,"showFlares":true,"showImageEffects":true,"showParticleSystems":true},"in2DMode":false,"pivot":{"x":-12.030233383178711,"y":-0.1387730836868286,"z":-0.15171781182289124},"rotation":{"x":0.16516411304473878,"y":-0.7093333601951599,"z":0.1769726574420929,"w":0.662003219127655},"size":1.4660255908966065,"orthographic":false}