{"cameraMode":{"drawMode":0,"name":"Shaded","section":"Shading Mode"},"sceneLighting":true,"audioPlay":false,"sceneViewState":{"showFog":true,"showMaterialUpdate":false,"showSkybox":true,"showFlares":true,"showImageEffects":true,"showParticleSystems":true},"in2DMode":false,"pivot":{"x":-0.6195743083953857,"y":0.7118509411811829,"z":-5.006299018859863},"rotation":{"x":-0.11314821243286133,"y":0.6839746832847595,"z":-0.10862529277801514,"w":-0.7124484777450562},"size":1.1660237312316895,"orthographic":false}