{"cameraMode":{"drawMode":0,"name":"Shaded","section":"Shading Mode"},"sceneLighting":true,"audioPlay":false,"sceneViewState":{"showFog":true,"showMaterialUpdate":false,"showSkybox":true,"showFlares":true,"showImageEffects":true,"showParticleSystems":true},"in2DMode":false,"pivot":{"x":-5.483943939208984,"y":2.5189523696899416,"z":-4.506385803222656},"rotation":{"x":-0.023783741518855096,"y":-0.9761121869087219,"z":0.14603379368782044,"w":-0.15924093127250672},"size":3.984276056289673,"orthographic":true}